Ground Truth_LinearRegression_Mean Temperature,Predictions_LinearRegression_Mean Temperature,Ground Truth_LinearRegression_Max Temperature,Predictions_LinearRegression_Max Temperature,Ground Truth_LinearRegression_Duration,Predictions_LinearRegression_Duration,Ground Truth_LinearRegression_Compost Crude,Predictions_LinearRegression_Compost Crude,Ground Truth_LinearRegression_Compost Net,Predictions_LinearRegression_Compost Net,Input_Biowaste Feed,Input_Prunning Feed,Input_Recycled Compost Feed,Input_Sawdust Feed,Input_Leaf Feed,Input_Ambient Temperature,Ground Truth_KNeighborsRegressor_Mean Temperature,Predictions_KNeighborsRegressor_Mean Temperature,Ground Truth_KNeighborsRegressor_Max Temperature,Predictions_KNeighborsRegressor_Max Temperature,Ground Truth_KNeighborsRegressor_Duration,Predictions_KNeighborsRegressor_Duration,Ground Truth_KNeighborsRegressor_Compost Crude,Predictions_KNeighborsRegressor_Compost Crude,Ground Truth_KNeighborsRegressor_Compost Net,Predictions_KNeighborsRegressor_Compost Net,Input_Biowaste Feed,Input_Prunning Feed,Input_Recycled Compost Feed,Input_Sawdust Feed,Input_Leaf Feed,Input_Ambient Temperature,Ground Truth_DecisionTreeRegressor_Mean Temperature,Predictions_DecisionTreeRegressor_Mean Temperature,Ground Truth_DecisionTreeRegressor_Max Temperature,Predictions_DecisionTreeRegressor_Max Temperature,Ground Truth_DecisionTreeRegressor_Duration,Predictions_DecisionTreeRegressor_Duration,Ground Truth_DecisionTreeRegressor_Compost Crude,Predictions_DecisionTreeRegressor_Compost Crude,Ground Truth_DecisionTreeRegressor_Compost Net,Predictions_DecisionTreeRegressor_Compost Net,Input_Biowaste Feed,Input_Prunning Feed,Input_Recycled Compost Feed,Input_Sawdust Feed,Input_Leaf Feed,Input_Ambient Temperature,Ground Truth_MultiOutputRegressor_Mean Temperature,Predictions_MultiOutputRegressor_Mean Temperature,Ground Truth_MultiOutputRegressor_Max Temperature,Predictions_MultiOutputRegressor_Max Temperature,Ground Truth_MultiOutputRegressor_Duration,Predictions_MultiOutputRegressor_Duration,Ground Truth_MultiOutputRegressor_Compost Crude,Predictions_MultiOutputRegressor_Compost Crude,Ground Truth_MultiOutputRegressor_Compost Net,Predictions_MultiOutputRegressor_Compost Net,Input_Biowaste Feed,Input_Prunning Feed,Input_Recycled Compost Feed,Input_Sawdust Feed,Input_Leaf Feed,Input_Ambient Temperature,Ground Truth_XGBRegressor_Mean Temperature,Predictions_XGBRegressor_Mean Temperature,Ground Truth_XGBRegressor_Max Temperature,Predictions_XGBRegressor_Max Temperature,Ground Truth_XGBRegressor_Duration,Predictions_XGBRegressor_Duration,Ground Truth_XGBRegressor_Compost Crude,Predictions_XGBRegressor_Compost Crude,Ground Truth_XGBRegressor_Compost Net,Predictions_XGBRegressor_Compost Net,Input_Biowaste Feed,Input_Prunning Feed,Input_Recycled Compost Feed,Input_Sawdust Feed,Input_Leaf Feed,Input_Ambient Temperature
35.0,41.43518603428657,54.0,64.58573089671634,90.0,89.75217466298295,167.5,161.18795311972806,65.7,70.67962651541664,300,150,0,0,0,13.4,35.0,43.2,54.0,66.0,90.0,89.4,167.5,167.3,65.7,74.34,300,150,0,0,0,13.4,35.0,40.0,54.0,62.0,90.0,93.0,167.5,167.5,65.7,65.7,300,150,0,0,0,13.4,35.0,34.17557069068554,54.0,36.000000000000036,90.0,36.000000000000036,167.5,36.000000000000036,65.7,36.000000000000036,300,150,0,0,0,13.4,35.0,40.000465,54.0,62.001976,90.0,92.99783,167.5,167.50124,65.7,65.699905,300,150,0,0,0,13.4
51.0,48.881433883247624,78.0,69.305264852134,101.0,99.82491253199993,135.5,150.76599827699613,61.0,67.50840938635626,324,144,40,0,0,19.8,51.0,47.0,78.0,72.2,101.0,103.8,135.5,167.51999999999998,61.0,80.4,324,144,40,0,0,19.8,51.0,43.0,78.0,68.0,101.0,106.0,135.5,152.5,61.0,68.1,324,144,40,0,0,19.8,51.0,35.3147234806659,78.0,35.99999999999999,101.0,35.99999999999999,135.5,35.99999999999999,61.0,35.99999999999999,324,144,40,0,0,19.8,51.0,52.153484,78.0,73.606735,101.0,104.42432,135.5,170.21803,61.0,90.908066,324,144,40,0,0,19.8
67.0,64.23443546828423,75.0,82.95866788958133,101.0,99.41664820553316,152.4,152.5632833732895,59.3,68.32018193017971,354,67,28,64,0,22.2,67.0,63.2,75.0,81.4,101.0,97.2,152.4,148.58,59.3,70.28,354,67,28,64,0,22.2,67.0,68.0,75.0,90.0,101.0,103.0,152.4,152.4,59.3,59.3,354,67,28,64,0,22.2,67.0,36.3058938713487,75.0,35.99999999999995,101.0,35.99999999999995,152.4,35.99999999999995,59.3,35.99999999999995,354,67,28,64,0,22.2,67.0,67.828,75.0,76.55183,101.0,101.32925,152.4,147.9184,59.3,57.892582,354,67,28,64,0,22.2
70.0,68.92364432982127,83.0,80.10793327996254,96.0,89.74138292985118,173.5,108.24426184718166,94.0,49.44299255280512,243,37,24,61,0,24.2,70.0,59.2,83.0,74.2,96.0,92.2,173.5,121.38,94.0,54.36,243,37,24,61,0,24.2,70.0,56.0,83.0,80.0,96.0,95.0,173.5,162.4,94.0,88.0,243,37,24,61,0,24.2,70.0,35.735234844581036,83.0,36.00000000000012,96.0,36.00000000000012,173.5,36.00000000000013,94.0,36.00000000000012,243,37,24,61,0,24.2,70.0,66.090385,83.0,67.61071,96.0,83.549835,173.5,118.15198,94.0,46.374035,243,37,24,61,0,24.2
54.0,51.98344569056238,80.0,75.26419031057507,89.0,92.90989312122822,148.6,144.89477306343278,48.0,63.0061373305044,311.8,60,25.2,0,34,24.3,54.0,56.0,80.0,76.6,89.0,93.4,148.6,154.74,48.0,69.94,311.8,60,25.2,0,34,24.3,54.0,48.0,80.0,69.0,89.0,94.0,148.6,146.4,48.0,60.5,311.8,60,25.2,0,34,24.3,54.0,36.139991803059715,80.0,36.00000000000002,89.0,36.000000000000014,148.6,36.000000000000014,48.0,36.00000000000002,311.8,60,25.2,0,34,24.3,54.0,52.399067,80.0,73.23461,89.0,93.23866,148.6,155.34393,48.0,77.029434,311.8,60,25.2,0,34,24.3
59.0,54.69244590491272,77.0,78.81987275007344,97.0,97.70868213258404,191.8,177.38736210591975,106.2,84.75096146526755,350,48.8,46.8,0,78.8,23,59.0,53.879999999999995,77.0,78.4,97.0,94.0,191.8,184.48000000000002,106.2,85.52000000000001,350,48.8,46.8,0,78.8,23,59.0,57.0,77.0,76.0,97.0,94.0,191.8,148.6,106.2,48.0,350,48.8,46.8,0,78.8,23,59.0,36.88405498726283,77.0,35.99999999999995,97.0,35.99999999999995,191.8,35.99999999999995,106.2,35.99999999999995,350,48.8,46.8,0,78.8,23,59.0,51.58621,77.0,77.99816,97.0,93.606125,191.8,194.34682,106.2,99.392044,350,48.8,46.8,0,78.8,23
52.0,53.27748068249191,76.0,83.46010050998188,99.0,106.59580572961386,184.6,232.77034947183654,87.0,114.35971391624167,442,37,73,0,110,21.5,52.0,52.67999999999999,76.0,77.2,99.0,96.0,184.6,187.84,87.0,84.76,442,37,73,0,110,21.5,52.0,42.0,76.0,73.0,99.0,102.0,184.6,195.8,87.0,70.8,442,37,73,0,110,21.5,52.0,37.971506743084255,76.0,35.9999999999998,99.0,35.9999999999998,184.6,35.999999999999794,87.0,35.999999999999794,442,37,73,0,110,21.5,52.0,41.998234,76.0,74.70263,99.0,101.94604,184.6,196.05945,87.0,71.93432,442,37,73,0,110,21.5
40.0,48.484456917645545,75.0,71.0589009258745,103.0,99.45677775393558,209.6,194.34081931163746,107.2,94.18669151756322,318.4,57,86,0,16,18.8,40.0,46.6,75.0,71.8,103.0,103.8,209.6,208.08,107.2,102.35999999999999,318.4,57,86,0,16,18.8,40.0,50.0,75.0,78.0,103.0,101.0,209.6,212.0,107.2,101.2,318.4,57,86,0,16,18.8,40.0,36.15449173778666,75.0,35.999999999999986,103.0,35.999999999999986,209.6,35.999999999999986,107.2,35.999999999999986,318.4,57,86,0,16,18.8,40.0,49.14543,75.0,72.93576,103.0,97.849106,209.6,216.3575,107.2,121.34579,318.4,57,86,0,16,18.8
